EVENT_ID,CZ_NAME_STR,BEGIN_LOCATION,BEGIN_DATE,BEGIN_TIME,EVENT_TYPE,MAGNITUDE,TOR_F_SCALE,DEATHS_DIRECT,INJURIES_DIRECT,DAMAGE_PROPERTY_NUM,DAMAGE_CROPS_NUM,STATE_ABBR,CZ_TIMEZONE,MAGNITUDE_TYPE,EPISODE_ID,CZ_TYPE,CZ_FIPS,WFO,INJURIES_INDIRECT,DEATHS_INDIRECT,SOURCE,FLOOD_CAUSE,TOR_LENGTH,TOR_WIDTH,BEGIN_RANGE,BEGIN_AZIMUTH,END_RANGE,END_AZIMUTH,END_LOCATION,END_DATE,END_TIME,BEGIN_LAT,BEGIN_LON,END_LAT,END_LON,EVENT_NARRATIVE,EPISODE_NARRATIVE,ABSOLUTE_ROWNUMBER
209843,WAKE CO.,RALEIGH,01/25/2010,400,Flash Flood, , ,0,0,0,0,NC,EST-5, ,36171,C,183,RAH,0,0,Broadcast Media,Heavy Rain, , ,1,S,1,S,RALEIGH,01/25/2010,600,35.7888,-78.6714,35.7882,-78.6714,Flash flooding was reported on Hillsborough Street near Gardner Street.,Heavy rain and severe thunderstorms overspread central North Carolina during the late evening hours of the 24th and into the overnight hours as a slow moving cold front approached from the west. Two to three inches of rain caused flash flooding across  the western and central Piedmont. A convective bow segment also produced localized thunderstorm wind damage in Johnston County.,1
209844,WAKE CO.,CARALEIGH,01/25/2010,415,Flash Flood, , ,0,0,0,0,NC,EST-5, ,36171,C,183,RAH,0,0,Law Enforcement,Heavy Rain, , ,2,NE,2,NE,CARALEIGH,01/25/2010,615,35.77,-78.6455,35.7702,-78.6468,Ramp from Dawson Street onto Western Boulevard was flooded. A vehicle was also stranded in the flood waters.,Heavy rain and severe thunderstorms overspread central North Carolina during the late evening hours of the 24th and into the overnight hours as a slow moving cold front approached from the west. Two to three inches of rain caused flash flooding across  the western and central Piedmont. A convective bow segment also produced localized thunderstorm wind damage in Johnston County.,2
241471,WAKE CO.,ASBURY,06/01/2010,1515,Flash Flood, , ,0,0,0,0,NC,EST-5, ,41417,C,183,RAH,0,0,Trained Spotter,Heavy Rain, , ,1,N,1,N,ASBURY,06/01/2010,1545,35.7907,-78.7509,35.7897,-78.7511,A spotter reported 2 feet of water at the underpass on Hillsborough Street and Interstate 40. Traffic was stopped and the underpass was impassable.,An afternoon thunderstorm resulted in isolated urban flash flooding in Raleigh.,3
257202,WAKE CO.,CARALEIGH,08/24/2010,630,Flash Flood, , ,0,0,0,0,NC,EST-5, ,44274,C,183,RAH,0,0,County Official,Heavy Rain, , ,2,NE,3,N,GARNER,08/24/2010,800,35.77,-78.65,35.762,-78.6146,Heavy rainfall of 3 to 5 inches flooded several streets in the Raleigh area. Law enforcement reported that vehicle was stalled in 2 feet of flowing water over South Saunders Street at Interstate 40.  Law enforcement was forced to close several  sections of NC Highway 50 due to high flood waters.,Multiple shortwave troughs rotating around an upper level low over Virginia resulted in heavy rainfall of 3 to 5 inches over the Triangle as slow moving showers and isolated thunderstorms persisted through the overnight and morning hours on the 24th.,7
262822,WAKE CO.,RALEIGH,09/30/2010,800,Flash Flood, , ,0,0,0,0,NC,EST-5, ,45011,C,183,RAH,0,0,Law Enforcement,Heavy Rain, , ,1,SSW,1,SSW,RALEIGH,09/30/2010,1100,35.7866,-78.681,35.7865,-78.6806,Sullivan Drive on the campus of North Carolina State University was closed due to flash flooding.,"A cold front stalled across across central and eastern portions of North Carolina on the 25th of September. In the mid and upper levels of the atmosphere, a closed low pressure was digging across western Tennessee. The slow moving upper low would cause a series of low pressure waves to ride along the stalled frontal zone, while also advecting copious amounts of tropical moisture into the region. Central North Carolina received 2 to 5 inches of widespread rainfall on the 26th, but because of ongoing severe drought conditions, no flooding occurred.  After a lull on the 27th and 28th, a second upper level low developed over western Tennessee once again. This acted to pull the stationary boundary and moisture conveyor back to the west, as well as pick up remnants of Tropical Storm Nicole. Central North Carolina saw an additional 3 to 6 inches on the 29th and 30th. The combined rainfall of 6 to 10 inches from the 26th through the 30th of September resulted in flashing flooding and minor river flooding.",9
262825,WAKE CO.,RALEIGH,09/30/2010,830,Flash Flood, , ,0,0,0,0,NC,EST-5, ,45011,C,183,RAH,0,0,Official NWS Observations,Heavy Rain, , ,2,ENE,2,S,MILLBROOK,09/30/2010,1100,35.81,-78.63,35.8201,-78.6218,Heavy rainfall caused minor flooding of Crabtree Creek. Crabtree Creek crested at 12.69 feet.,"A cold front stalled across across central and eastern portions of North Carolina on the 25th of September. In the mid and upper levels of the atmosphere, a closed low pressure was digging across western Tennessee. The slow moving upper low would cause a series of low pressure waves to ride along the stalled frontal zone, while also advecting copious amounts of tropical moisture into the region. Central North Carolina received 2 to 5 inches of widespread rainfall on the 26th, but because of ongoing severe drought conditions, no flooding occurred.  After a lull on the 27th and 28th, a second upper level low developed over western Tennessee once again. This acted to pull the stationary boundary and moisture conveyor back to the west, as well as pick up remnants of Tropical Storm Nicole. Central North Carolina saw an additional 3 to 6 inches on the 29th and 30th. The combined rainfall of 6 to 10 inches from the 26th through the 30th of September resulted in flashing flooding and minor river flooding.",10
339503,WAKE CO.,RALEIGH,08/06/2011,630,Flash Flood, , ,0,0,0,0,NC,EST-5, ,56632,C,183,RAH,0,0,Trained Spotter,Heavy Rain, , ,3,ESE,2,W,WILDERS GROVE,08/06/2011,1059,35.78,-78.62,35.7967,-78.608,Numerous flooding was reported with flood waters infiltrating several businesses and residences. Eight people were displaced from a house at 320 Hill Street. Another 45 to 50 people at the Milner Hotel were taken to shelter. The lower units of the Capital Inn were also evacuated due to flood waters.  Monetary damages were unknown.,"A very moist air mass was in place in the morning of the 6th as a band of convection in association with an MCV moved north over the area. Heavy rainfall of 3 to 4 inches fell over the central Piedmont, causing flash flooding in Wake and Nash Counties. By mid morning, a previously stall frontal zone lifted north over the area. As the MCV continued to move east, new convection developed and tracked northeastward, paralleling the surface front and weak surface low. A weak EF-0 and moved east for approximately 3 miles across southern Wilson County, where it caused minor damage to homes and a turkey farm.",14
339504,WAKE CO.,STARMOUNT,08/06/2011,650,Flash Flood, , ,0,0,0,0,NC,EST-5, ,56632,C,183,RAH,0,0,Emergency Manager,Heavy Rain, , ,1,SW,1,SW,MILLBROOK,08/06/2011,1059,35.84,-78.58,35.8423,-78.6278,"There were numerous reports of flooded road in North Raleigh. Several roads were closed including Craven Drive, Atlantic Avenue, Brentwood Road and Interstate 440 near Capital Boulevard.","A very moist air mass was in place in the morning of the 6th as a band of convection in association with an MCV moved north over the area. Heavy rainfall of 3 to 4 inches fell over the central Piedmont, causing flash flooding in Wake and Nash Counties. By mid morning, a previously stall frontal zone lifted north over the area. As the MCV continued to move east, new convection developed and tracked northeastward, paralleling the surface front and weak surface low. A weak EF-0 and moved east for approximately 3 miles across southern Wilson County, where it caused minor damage to homes and a turkey farm.",15
347398,WAKE CO.,COLLEGE VIEW,09/21/2011,2050,Flash Flood, , ,0,0,5000,0,NC,EST-5, ,57916,C,183,RAH,0,0,Law Enforcement,Heavy Rain, , ,1,SE,1,NNW,WESTOVER,09/21/2011,2150,35.77,-78.69,35.789,-78.7264,"Multiple roads were blocked across Raleigh due to flooding, including Blue Ridge Road at Western Boulevard, Hillsboro Street near the Chapel Hill Road split and Avent Ferry Road at Trailwood Drive. Also, a vehicle stalled in approximately 3 feet of water on Old Wake Forest Road, with another stalled vehicle on Millbrook Road at Hoyle Drive. Monetary damage was estimated.","A deep upper trough that extended from the upper Great Lakes to the Gulf of Mexico resulted in deep southwesterly flow across the region, allowing copious amounts of Gulf and Atlantic moisture to stream into the area. A disturbance in the southwesterly flow aloft triggered storms to develop over central North Carolina. Training of slow moving thunderstorms, with rainfall rates in excess of 2 inches per hour, caused flash flooding in Raleigh.",16
398116,WAKE CO.,MILLBROOK,07/30/2012,1602,Flash Flood, , ,0,0,0,0,NC,EST-5, ,66412,C,183,RAH,0,0,Law Enforcement,Heavy Rain, , ,3,S,2,WNW,WILDERS GROVE,07/30/2012,1625,35.8124,-78.6213,35.808,-78.6115,"Flooding was reported at Atlantic Avenue and Hodges Street in northeast Raleigh. There was also flooding reported at Capital Boulevard and Hodges Street, with several lanes of traffic becoming impassible. An rainfall observer near these locations reported 2.25 inches of rain fell in 45 minutes.","With an upper level disturbance approaching from the northwest, convection initiated during peak heating along a stalled front draped across the Coastal Plain. With a very moist air mass in place (precipitable water values approaching 2 inches), these storms produced very heavy rain, even resulting in flash flooding across the Raleigh metro area.",17
412533,WAKE CO.,MILLBROOK,09/06/2012,1555,Flash Flood, , ,0,0,0,0,NC,EST-5, ,68773,C,183,RAH,0,0,Law Enforcement,Heavy Rain, , ,1,ESE,1,SSW,MILLBROOK,09/06/2012,1759,35.84,-78.6,35.8351,-78.6285,"There were several road closures in the area due to flash flooding, including the intersection of Raleigh Boulevard and New Bern Avenue, Atlantic Avenue and Harrod Street, Peace Street and Wilmington Street, and Capital Boulevard near Wake Forest Road. There was also reports of vehicles stalled in flood waters.","An upper level disturbance and low level trough combined with a very moist air mass to produce scattered thunderstorms. Training of thunderstorms resulted in 2 to 3 inches of rainfall and minor flash flooding. Also, an isolated severe storm caused some minor wind damage.",18
412709,WAKE CO.,COLLEGE VIEW,09/08/2012,1845,Flash Flood, , ,0,0,0,0,NC,EST-5, ,68809,C,183,RAH,0,0,Law Enforcement,Heavy Rain, , ,1,SSE,2,E,RALEIGH,09/08/2012,2059,35.769,-78.6913,35.7947,-78.6274,"Several roads in the area were flooded, including Avent Ferry Road at Trailwood Road, Hillsborough Street near Chapel Hill Road, and Atlantic Avenue at Hodges Street.",A band of thunderstorms developed ahead of a cold front and produced scattered thunderstorm wind damage and isolated urban flooding from heavy rainfall of 1 to 2 inches.,19
515454,WAKE CO.,WILDERS GROVE,05/15/2014,1605,Flash Flood, , ,0,0,0,0,NC,EST-5, ,85308,C,183,RAH,0,0,Broadcast Media,Heavy Rain, , ,1,N,1,NE,BRENTWOOD,05/15/2014,1710,35.8132,-78.5715,35.8382,-78.5601,Southall Road in Raleigh was closed due to heavy rain. Observations indicated that 2-4 inches of rain fell in a short period of time across this area.,"Scattered convection impacted central North Carolina as a deep upper level trough and associated strong surface cold front approached and crossed the area. Strong moisture transport resulted in above normal precipitable water values and this, combined with the ultimate training of the storms, lead to flash flooding as many areas received 2-4 inches of rain, with isolated amounts up to 5-6 inches. In addition, some isolated wind damage occurred and as a secondary area of low pressure developed and tracked along the front, an isolated tornado formed. This EF1 tornado uprooted numerous trees, causing substantial property damage near Durham, North Carolina.",29
535893,WAKE CO.,WESTOVER,07/10/2014,1700,Flash Flood, , ,0,0,10000,0,NC,EST-5, ,88889,C,183,RAH,0,0,Law Enforcement,Heavy Rain, , ,1,NNW,3,E,RALEIGH,07/10/2014,1900,35.8,-78.73,35.8,-78.62,"Numerous roads were flooded and impassable in downtown Raleigh. In addition, several water rescues were performed, including one on Hillsborough Street near Western Boulevard.","Numerous showers and thunderstorms developed over eastern portions of central North Carolina ahead of a mid-level trough and associated surface cold front. Moderate instability in the presence of surface boundaries, descent shear and enhanced forcing for ascent under the right entrance region of the jet, resulted in a few isolated severe thunderstorms. Also, with precipitable water values of up to two inches, training thunderstorms resulted flash flooding.",33
541092,WAKE CO.,RALEIGH,08/12/2014,1921,Flash Flood, , ,0,0,2500000,0,NC,EST-5, ,89451,C,183,RAH,0,0,Fire Department/Rescue,Heavy Rain, , ,2,ENE,3,E,RALEIGH,08/13/2014,330,35.8107,-78.6332,35.7953,-78.6241,"Multiple businesses had to be evacuated from the 1600-1800 block of Capital Boulevard. As many as 71 people had to be rescued and evacuated from businesses in this area. In addition, at the nearby intersection of Atlantic Avenue and Old Louisburg Road cars were reported flooded and stuck in the flood waters. Another car was reported stranded in the flood waters nearby at the intersection of Atlantic Avenue and Hodges Street. Monetary damages were estimated to be around 2-3 million dollars.","A cluster of showers and storms develop across the triangle region of central North Carolina. A few of these storms became severe and produced damaging wind gusts. In addition, these storms produced heavy rain, resulting in significant flash flooding in Wake and Johnston Counties.",37
610222,WAKE CO.,WILDERS GROVE,12/30/2015,1600,Flash Flood, , ,0,0,0,0,NC,EST-5, ,102064,C,183,RAH,0,0,Trained Spotter,Heavy Rain, , ,2,SW,1,WNW,FAWLERS XRDS,12/30/2015,1800,35.7822,-78.5941,35.8892,-78.6182,Several roads were flooded in downtown Raleigh. Several creeks were near or over their banks along NC 50.,"An approaching cold front triggered showers and a few isolated storms across the region. With an extremely moist air mass in place, moderate to heavy rain fell. Given the very saturated soils, flash flooding quickly developed.",47
653659,WAKE CO.,MORRISVILLE,07/16/2016,2015,Flash Flood, , ,0,0,250000,0,NC,EST-5, ,108774,C,183,RAH,0,0,Law Enforcement,Heavy Rain, , ,2,ESE,1,WSW,MACEDONIA,07/17/2016,0,35.8114,-78.794,35.7443,-78.774,"Flash flooding was reported at numerous locations in Raleigh and Cary. A couple water rescues took place in Raleigh, including one at Lake Boone Trail and Interstate 440 and one at Glenwood Avenue and Creedmoor Road. Numerous other water rescues took place in Cary, including a few at a home on East Park Street, and a woman and three children on King Lawrence Road. Rescues also took place at the intersection of Cary Parkway and Saddle Creek Lane, High House Road and Davis Drive, Harrison Avenue and Weston Parkway, and Cary Parkway and High House Road. Several roads were also closed, including Avent Ferry Road at Trailwood Drive. Numerous vehicles at Crabtree Valley Mall and numerous homes off of Jones Franklin Road were also flooded.","A warm moist atmosphere combined with a disturbance moving across central North Carolina during peak heating, modest instability and seasonably strong deep layer shear allowed for the development of numerous showers and storms during the late afternoon into the evening. Many of these storms became strong to severe and produced widespread wind damage. In addition, several areas of very heavy rain fell across the Northern Coastal Plain and the Triangle Region of central North Carolina. This resulted in many reports of flooding and water rescues.",48
653729,WAKE CO.,RALEIGH,07/17/2016,0,Flood, , ,0,0,0,0,NC,EST-5, ,108774,C,183,RAH,0,0,River/Stream Gage,Heavy Rain, , ,2,NE,3,WNW,WILDERS GROVE,07/17/2016,1100,35.8203,-78.6393,35.8093,-78.6165,Heavy rain caused flooding along Crabtree Creek from Anderson Drive to Atlantic Avenue. The creek remained over flood stage for more than 10 hours before receding.,"A warm moist atmosphere combined with a disturbance moving across central North Carolina during peak heating, modest instability and seasonably strong deep layer shear allowed for the development of numerous showers and storms during the late afternoon into the evening. Many of these storms became strong to severe and produced widespread wind damage. In addition, several areas of very heavy rain fell across the Northern Coastal Plain and the Triangle Region of central North Carolina. This resulted in many reports of flooding and water rescues.",49
696352,WAKE CO.,(RDU)RALEIGH-DURHAM,04/25/2017,730,Flash Flood, , ,0,0,10000,0,NC,EST-5, ,115868,C,183,RAH,0,0,Social Media,Heavy Rain, , ,3,NNW,3,NW,(RDU)RALEIGH-DURHAM,04/25/2017,959,35.908,-78.7933,35.9042,-78.8103,Lumley road was closed due to flash flooding between Interstate 540 and Brier Creek Parkway.,"A Flash Flood Watch was issued in advance of an abnormally deep upper level low moving over Central North Carolina. The trough became negatively tilted, pulling deep, moist air from the southwest into the region. The moist southwesterly flow overrunning a cold pool at the surface produced a prolonged period of moderate to heavy rain, which resulted in widespread areal flooding across the region. However, only isolated Flash Flooding occurred.",52
710139,WAKE CO.,(RDU)RALEIGH-DURHAM,06/16/2017,1932,Flash Flood, , ,0,0,0,0,NC,EST-5, ,118165,C,183,RAH,0,0,Social Media,Heavy Rain, , ,3,SSE,3,SSE,(RDU)RALEIGH-DURHAM,06/16/2017,1932,35.83,-78.76,35.8296,-78.7614,Locally heavy rainfall of 2 to 3 inches flooded the right line of Interstate 40 near N. Harrison Avenue.,A few loosely organized multicell convective clusters developed during the late afternoon and evening across the central Piedmont of North Carolina. The storms produced scattered thunderstorm wind damage and localized flash flooding.,55
755610,WAKE CO.,LEESVILLE,05/21/2018,1920,Flash Flood, , ,0,0,600000,0,NC,EST-5, ,126041,C,183,RAH,0,0,Law Enforcement,Heavy Rain, , ,1,ESE,1,W,CAMP POLK,05/22/2018,140,35.89,-78.71,35.82,-78.71,"Several roads were closed in northwest Raleigh, many in the vicinity of Crabtree Valley Mall and Crabtree Creek, due to flash flooding. Newton Road near Six Forks Road washed out and collapsed. Several cars were stranded in flood water near the intersection of Leesville Road and Millbrook Road. Several cars were underwater at the Crabtree Valley Mall due to flooding along Crabtree Creek overflowing its banks into the parking garage.","An outflow-augmented back-door cold front, served as the foci for a slow northeast to southwest moving cluster of storms and torrential rainfall across the northern Piedmont and northern Coastal Plain counties. The heaviest rainfall of 3 to 5 inches fell across North Raleigh, which caused Crabtree Creek to flood. Multiple road closures were reported in northwest Raleigh and several cars were stranded in a flooded road.",57
775032,WAKE CO.,WILDERS GROVE,07/06/2018,1525,Flash Flood, , ,0,0,10000,0,NC,EST-5, ,129313,C,183,RAH,0,0,Fire Department/Rescue,Heavy Rain, , ,2,W,2,W,WILDERS GROVE,07/06/2018,1650,35.8,-78.61,35.7997,-78.6082,"Flooding was reported along North Raleigh Boulevard near Millbank Street, along with a car stuck in the flood waters, resulting in a water rescue.","Storms initiated in split upper level flow along a prefrontal trough. Mean 850 MB to 300 MB winds were near calm at the time with storm propagation mainly cold pool driven. The primary impacts from these storms were gusty winds, resulting in trees down, and heavy rain. One storm did become anchored over Raleigh which prompted a flash flood warning.",59
775034,WAKE CO.,RALEIGH,07/06/2018,1550,Flash Flood, , ,0,0,0,0,NC,EST-5, ,129313,C,183,RAH,0,0,Law Enforcement,Heavy Rain, , ,2,ESE,2,ESE,RALEIGH,07/06/2018,1650,35.79,-78.64,35.7899,-78.6437,High water was reported on Peace Street and Capitol Boulevard.,"Storms initiated in split upper level flow along a prefrontal trough. Mean 850 MB to 300 MB winds were near calm at the time with storm propagation mainly cold pool driven. The primary impacts from these storms were gusty winds, resulting in trees down, and heavy rain. One storm did become anchored over Raleigh which prompted a flash flood warning.",60
775037,WAKE CO.,MILLBROOK,07/06/2018,1550,Flash Flood, , ,0,0,0,0,NC,EST-5, ,129313,C,183,RAH,0,0,Broadcast Media,Heavy Rain, , ,2,S,2,S,MILLBROOK,07/06/2018,1650,35.8148,-78.6198,35.8143,-78.6162,Atlantic Avenue at Hodges was closed due to flooding.,"Storms initiated in split upper level flow along a prefrontal trough. Mean 850 MB to 300 MB winds were near calm at the time with storm propagation mainly cold pool driven. The primary impacts from these storms were gusty winds, resulting in trees down, and heavy rain. One storm did become anchored over Raleigh which prompted a flash flood warning.",61
775029,WAKE CO.,SUTPHIN,07/07/2018,815,Flash Flood, , ,0,0,0,0,NC,EST-5, ,129349,C,183,RAH,0,0,911 Call Center,Heavy Rain, , ,40,ESE,40,ESE,SUTPHIN,07/07/2018,900,35.6332,-78.7092,35.6322,-78.7057,Banks Road and Ten Ten Road were reported to be flooded.,"The leading edge of cool air nosing down the coast caused widespread, mainly stratiform rain which was slow moving and producing rainfall rates greater than one inch per hour for several hours. The front nearly stalled across Wake County during the morning, with a heavy rain focus south of Raleigh down into northern Harnett county. Radar estimated fairly extensive 2 to 3.35 inches of rainfall. This resulted in a couple of flash flooding reports.",62
775031,WAKE CO.,ECHO HGTS,07/07/2018,1300,Flash Flood, , ,0,0,10000,0,NC,EST-5, ,129349,C,183,RAH,0,0,911 Call Center,Heavy Rain, , ,0,ESE,0,E,ECHO HGTS,07/07/2018,1300,35.7294,-78.6466,35.7295,-78.644,"Flash Flooding was reported along Gideon Creek Way near the intersection of Durham Drive. One vehicle became stalled in the flood waters, prompting a water rescue.","The leading edge of cool air nosing down the coast caused widespread, mainly stratiform rain which was slow moving and producing rainfall rates greater than one inch per hour for several hours. The front nearly stalled across Wake County during the morning, with a heavy rain focus south of Raleigh down into northern Harnett county. Radar estimated fairly extensive 2 to 3.35 inches of rainfall. This resulted in a couple of flash flooding reports.",63
781161,WAKE CO.,COLLEGE VIEW,08/19/2018,2346,Flash Flood, , ,0,0,0,0,NC,EST-5, ,130501,C,183,RAH,0,0,Law Enforcement,Heavy Rain, , ,1,SE,1,ESE,CAMP POLK,08/20/2018,159,35.77,-78.69,35.816,-78.6925,"Multiple water rescues reported in Raleigh, including at 3415 Aventy Ferry Road and 3600 Lake Boone Trail.","A meso-scale boundary along the North Carolina-Virginia state line sparked a complex of slow moving convection that produced 4 to 5 inches of rain and isolated flash flooding across Person County. This complex then moved southward into the Triangle region around midnight, where it produced another 3 to 4 inch swath of rain over the Raleigh-Durham Metro area. This heavy rainfall led to numerous reports of flash flooding within the Raleigh urban area, with multiple water rescues. Additionally, with saturated soils, the thunderstorms also produced scattered wind damage across the Raleigh metro.",64
781162,WAKE CO.,RALEIGH,08/19/2018,2346,Flash Flood, , ,0,0,0,0,NC,EST-5, ,130501,C,183,RAH,0,0,Law Enforcement,Heavy Rain, , ,2,ESE,2,ESE,RALEIGH,08/20/2018,159,35.79,-78.64,35.79,-78.6451,Outbound Capital Blvd before Peace Street closed due to high water.,"A meso-scale boundary along the North Carolina-Virginia state line sparked a complex of slow moving convection that produced 4 to 5 inches of rain and isolated flash flooding across Person County. This complex then moved southward into the Triangle region around midnight, where it produced another 3 to 4 inch swath of rain over the Raleigh-Durham Metro area. This heavy rainfall led to numerous reports of flash flooding within the Raleigh urban area, with multiple water rescues. Additionally, with saturated soils, the thunderstorms also produced scattered wind damage across the Raleigh metro.",65
781163,WAKE CO.,MILLBROOK,08/19/2018,2346,Flash Flood, , ,0,0,0,0,NC,EST-5, ,130501,C,183,RAH,0,0,Law Enforcement,Heavy Rain, , ,1,WNW,1,W,STARMOUNT,08/20/2018,159,35.86,-78.64,35.8501,-78.5918,"Multiple water rescues reported across the city, including at E. Millbrook Road, Six Forks Road, Atlantic Avenue, Hodges Street, and I-440 W at Glenwood Avenue.","A meso-scale boundary along the North Carolina-Virginia state line sparked a complex of slow moving convection that produced 4 to 5 inches of rain and isolated flash flooding across Person County. This complex then moved southward into the Triangle region around midnight, where it produced another 3 to 4 inch swath of rain over the Raleigh-Durham Metro area. This heavy rainfall led to numerous reports of flash flooding within the Raleigh urban area, with multiple water rescues. Additionally, with saturated soils, the thunderstorms also produced scattered wind damage across the Raleigh metro.",66
781167,WAKE CO.,RALEIGH,08/20/2018,15,Flash Flood, , ,0,0,80000,0,NC,EST-5, ,130501,C,183,RAH,0,0,Fire Department/Rescue,Heavy Rain, , ,3,E,2,E,RALEIGH,08/20/2018,159,35.8049,-78.623,35.8049,-78.6263,Water rescues were conducted as multiple vehicles were submerged in over 4 feet of water on Wake Forest Road near Georgetown Road.,"A meso-scale boundary along the North Carolina-Virginia state line sparked a complex of slow moving convection that produced 4 to 5 inches of rain and isolated flash flooding across Person County. This complex then moved southward into the Triangle region around midnight, where it produced another 3 to 4 inch swath of rain over the Raleigh-Durham Metro area. This heavy rainfall led to numerous reports of flash flooding within the Raleigh urban area, with multiple water rescues. Additionally, with saturated soils, the thunderstorms also produced scattered wind damage across the Raleigh metro.",67
781168,WAKE CO.,FAWLERS XRDS,08/20/2018,23,Flash Flood, , ,0,0,0,0,NC,EST-5, ,130501,C,183,RAH,0,0,Fire Department/Rescue,Heavy Rain, , ,1,ESE,1,ESE,FAWLERS XRDS,08/20/2018,159,35.87,-78.58,35.8712,-78.5793,Water rescue conducted at Capital Boulevard and Old Wake Forest Road.,"A meso-scale boundary along the North Carolina-Virginia state line sparked a complex of slow moving convection that produced 4 to 5 inches of rain and isolated flash flooding across Person County. This complex then moved southward into the Triangle region around midnight, where it produced another 3 to 4 inch swath of rain over the Raleigh-Durham Metro area. This heavy rainfall led to numerous reports of flash flooding within the Raleigh urban area, with multiple water rescues. Additionally, with saturated soils, the thunderstorms also produced scattered wind damage across the Raleigh metro.",68
781182,WAKE CO.,RALEIGH,08/20/2018,37,Flash Flood, , ,0,0,0,0,NC,EST-5, ,130501,C,183,RAH,0,0,Law Enforcement,Heavy Rain, , ,2,E,2,E,RALEIGH,08/20/2018,159,35.8,-78.63,35.8038,-78.627,"Water rescue conducted on Capital Boulevard, underneath the Wake Forest Road Bridge. |Capital Boulevard was closed in both directions.","A meso-scale boundary along the North Carolina-Virginia state line sparked a complex of slow moving convection that produced 4 to 5 inches of rain and isolated flash flooding across Person County. This complex then moved southward into the Triangle region around midnight, where it produced another 3 to 4 inch swath of rain over the Raleigh-Durham Metro area. This heavy rainfall led to numerous reports of flash flooding within the Raleigh urban area, with multiple water rescues. Additionally, with saturated soils, the thunderstorms also produced scattered wind damage across the Raleigh metro.",69
781183,WAKE CO.,ECHO HGTS,08/20/2018,56,Flash Flood, , ,0,0,0,0,NC,EST-5, ,130501,C,183,RAH,0,0,Law Enforcement,Heavy Rain, , ,2,NNE,2,NNE,ECHO HGTS,08/20/2018,159,35.76,-78.64,35.7606,-78.638,Water rescued was conducted at S. Wilmington Street and City Farm Road.,"A meso-scale boundary along the North Carolina-Virginia state line sparked a complex of slow moving convection that produced 4 to 5 inches of rain and isolated flash flooding across Person County. This complex then moved southward into the Triangle region around midnight, where it produced another 3 to 4 inch swath of rain over the Raleigh-Durham Metro area. This heavy rainfall led to numerous reports of flash flooding within the Raleigh urban area, with multiple water rescues. Additionally, with saturated soils, the thunderstorms also produced scattered wind damage across the Raleigh metro.",70
820628,WAKE CO.,MILLBROOK,04/15/2019,40,Flash Flood, , ,0,0,0,0,NC,EST-5, ,136773,C,183,RAH,0,0,911 Call Center,Heavy Rain, , ,2,S,3,SW,WILDERS GROVE,04/15/2019,140,35.8209,-78.6131,35.7705,-78.6168,"Heavy rain resulted in flash flooding along several roadways in Raleigh. The flooded intersections included West Peace Street and Capital Boulevard, Glenwood Avenue and West Peace Street, and Atlantic Avenue and Hodges Street.","An initial round of convection developed in the wake of a northwestward propagating warm front as the atmosphere became increasingly moist and unstable during the afternoon. There was a brief lull in convective activity during the evening hours. Large scale forcing for ascent increased over central North Carolina through the overnight hours, downstream of a slightly positively tilted synoptic trough. An approaching quasi-linear convective system moved through the area overnight, producing widespread wind damage, isolated flash flooding and a weak tornado.",75
874988,WAKE CO.,RALEIGH,02/06/2020,1645,Flash Flood, , ,0,0,0,0,NC,EST-5, ,145578,C,183,RAH,0,0,Public,Heavy Rain, , ,1,E,2,E,RALEIGH,02/06/2020,1925,35.8,-78.65,35.805,-78.6391,Glenwood Avenue was reported flooded due to high water near the Five Points area.,"A strong upper-level trough tracked eastward across North Carolina from the Gulf Coast states and brought heavy rain and severe weather. A warm front produced heavy rain and flash flooding along with the first round of severe weather during the early to mid afternoon. An assoiciated cold front and surface wave moved across the area during the mid to late afternoon and evening. This is when a line of strong to severe thunderstorms raced across the area, producing widespread damaging wind gusts. There were many reports of downed trees and power lines. A bow echo produced 80 to 100 mph straight line winds near Enfield and near Bunn, which snapped and uprooted trees and resulted in minor to moderate damage to numerous structures. In addition, two EF1 tornadoes were confirmed, one in Randolph County and one in Stanly County.",81
919574,WAKE CO.,RALEIGH,08/31/2020,1535,Flash Flood, , ,0,0,50000,0,NC,EST-5, ,152103,C,183,RAH,0,0,Broadcast Media,Heavy Rain, , ,2,ESE,2,ESE,RALEIGH,08/31/2020,1555,35.7854,-78.6369,35.7879,-78.6364,"Flash flooding was reported on North Wilmington Street at Polk Street, where flood waters went into the first floor of a building.","Warm moist air lifted along a wavy stationary front. This combined with slow moving and merging thunderstorms resulted in heavy rain and flash flooding, including a dam break in Johnston County and two fatalities.",91
922269,WAKE CO.,BROOKHAVEN,09/01/2020,10,Flash Flood, , ,0,0,50000,0,NC,EST-5, ,153160,C,183,RAH,0,0,Broadcast Media,Heavy Rain, , ,2,SSE,1,SSW,FAWLERS XRDS,09/01/2020,210,35.8439,-78.6554,35.8676,-78.6076,"Flash flooding was reported along and near Crabtree Creek in Raleigh, which resulted in multiple cars stranded in flood waters.","Flash flooding that originated on August 31st continued across portions of the northeast Piedmont and central Coastal Plain of central North Carolina during the early morning hours of September 1st. Rainfall amounts of up to 11 inches were reported across this area, resulting in lingering flash flooding.",94
1004729,WAKE CO.,CARALEIGH,01/03/2022,730,Flash Flood, , ,0,0,0,0,NC,EST-5, ,165130,C,183,RAH,0,0,Trained Spotter,Heavy Rain, , ,2,NE,2,SE,RALEIGH,01/03/2022,910,35.77,-78.65,35.7739,-78.6411,Flash flooding was reported along he entrance ramp to Western Boulevard.,"A strong upper level low moved from the Midwest into the Mid Atlantic from January 2nd into the 3rd. Strong storms to isolated severe storms preceded the arrival of the low along with a broad area of 2 to 4 inches of rain along United States Highway 1 corridor, producing flooding around the Triangle region of central North Carolina. Strong sustained gradient winds were felt over much of the area, with numerous gusts of 35 to 50 miles per hour. As the low moved through the area, rain mixed with and changed to snow with several inches of snow reported across portions of the northwest and far northern Piedmont.",113
1013191,WAKE CO.,RALEIGH,03/17/2022,715,Flash Flood, , ,0,0,0,0,NC,EST-5, ,167403,C,183,RAH,0,0,NWS Employee,Heavy Rain, , ,2,SE,2,SE,RALEIGH,03/17/2022,915,35.7806,-78.6434,35.7805,-78.641,The onramp from South Dawson Street to Martin Luther King Jr. Boulevard was closed due to flash flooding.,"A strong mid-level trough of low pressure over Georgia tracked northeast into the Carolinas early on the morning of the 17th of March. At the surface, a surface low tracked northeast along the eastern Piedmont and Coastal Plain during the early morning hours. A warm front also was tied to the system. This area of low pressure provided deep lift and moisture for periods of widespread rain and some heavier storms capable of flash flooding. There was one report of flash flooding in Wake County in the morning of the 17th.",117
1028357,WAKE CO.,RALEIGH,05/07/2022,1605,Flash Flood, , ,0,0,0,0,NC,EST-5, ,169768,C,183,RAH,0,0,Mesonet,Heavy Rain, , ,1,SSW,1,SSW,RALEIGH,05/07/2022,1731,35.7808,-78.6754,35.7806,-78.6748,"Several hours of heavy rain led to flooding near Pullen Park, as the Rocky Branch river gage in Raleigh reached minor flood stage.",A upper-level low pressure system near West Virginia led to the development of afternoon and evening showers with some embedded thunderstorms over the Piedmont. One strong storm in Wake County led to an isolated flash flood. The showers and storms weakened by late evening as the trough moved east.,118
1029187,WAKE CO.,ASBURY,05/23/2022,2250,Flash Flood, , ,0,0,0,0,NC,EST-5, ,169849,C,183,RAH,0,0,Broadcast Media,Heavy Rain, , ,1,ENE,1,NW,WESTOVER,05/24/2022,100,35.7864,-78.7353,35.7863,-78.7311,Flash flooding due to heavy rainfall was reported at Wolf Creek Circle in Raleigh.,"A stalled surface boundary across the central North Carolina was the focal point for shower and thunderstorm development. Primary impacts were in the form of gusty winds and small hail. Several tornado warnings were issued, although most of the damage was from straight line winds. Moderate flooding due to two rounds of short-lived but heavy rainfall was observed in Alamance, Orange, and Wake counties. Storm activity largely waned after midnight.",120
1029189,WAKE CO.,BURT,05/27/2022,1642,Flash Flood, , ,0,0,0,0,NC,EST-5, ,169860,C,183,RAH,0,0,Law Enforcement,Heavy Rain, , ,1,NNE,1,SSE,HOLLEMANS XRDS,05/27/2022,1800,35.62,-78.89,35.6116,-78.9168,Law enforcement reported road and lane closures due to flash flooding near the intersection of Avent Ferry Rd and Center Hill Dr. Flooding was also reported nearby along Bartley Holleman Rd.,"Two rounds of severe weather moved through central NC on the 27th of May tied to a deep upper-level low pressure system over the Mid-Mississippi and Ohio Valleys and an approaching cold front from the Tennessee Valley. The first round of storms was focused along a low-level moisture transport axis in the morning, producing strong straight line winds across the northern half of central North Carolina, along with flash flooding concerns over the western Piedmont and urban areas in the northeast Piedmont. The second round of storms formed along a pre-frontal convergence axis in the afternoon and early evening, stretching from Granville to Scotland County. A cluster of storms organized into a storm complex, which produced local flooding over the Sandhills into southern Wake County and a strong mesocyclone over the Raleigh metro area.",121
1047668,WAKE CO.,RALEIGH,07/07/2022,1755,Flash Flood, , ,0,0,15000,0,NC,EST-5, ,172604,C,183,RAH,0,0,Broadcast Media,Heavy Rain, , ,1,ESE,2,ESE,RALEIGH,07/07/2022,1826,35.79,-78.65,35.7893,-78.6406,Broadcast Media reported West Johnson Street was flooded in downtown Raleigh. A taxi also stalled and became partially submerged in floodwaters at the Raleigh Union Station.,A stalled frontal boundary to the north from the Mid-Mississippi Valley into the Ohio Valley and northern Virginia led to early morning storms north of the Carolinas. This led to numerous surface boundaries that aided thunderstorms to form along the Piedmont in the mid to late-afternoon hours. These storms tracked east-southeast in the evening to early overnight hours into the Sandhills and Coastal Plain. Many of the storms produced thunderstorm wind damage and a few also produced flash flooding.,122
1047652,WAKE CO.,BROOKHAVEN,07/09/2022,1906,Flash Flood, , ,0,0,0,0,NC,EST-5, ,172601,C,183,RAH,0,0,Broadcast Media,Heavy Rain, , ,2,SSE,2,NNE,RALEIGH,07/09/2022,2052,35.84,-78.66,35.8342,-78.6599,The left lane of Interstate 400 West was flooded near Glenwood Ave.,"A very warm and humid air mass south of an approaching backdoor front combined with passing mid level disturbances within a broad mid-level trough to produce widespread showers and storms. Very high moisture, deeply warm low levels, and slow storm motion produced high rainfall rates and flash flooding, ranging from nuisance flooding in most places to road closures in Chapel Hill, Durham, and Wake county. Isolated damaging winds were also reported in Sampson County.",125
1047597,WAKE CO.,(RDU)RALEIGH-DURHAM,07/15/2022,1700,Flash Flood, , ,0,0,15000,0,NC,EST-5, ,172592,C,183,RAH,0,0,911 Call Center,Heavy Rain, , ,3,N,3,N,(RDU)RALEIGH-DURHAM,07/15/2022,1845,35.919,-78.7893,35.9175,-78.7867,A car was submerged in flood waters near the intersection of Alexander Dr and Glenwood Ave.,A mid-level disturbance coupled to a cold front draped along the western Piedmont triggered scattered afternoon and evening thunderstorms across the southern to northeastern Piedmont. These storms produced several reports of flash flooding in Wake and Cumberland Counties. No storms reached severe limits and the storm activity tapered off across central North Carolina by late evening.,129
1047599,WAKE CO.,BROOKHAVEN,07/15/2022,1720,Flash Flood, , ,0,0,0,0,NC,EST-5, ,172592,C,183,RAH,0,0,Broadcast Media,Heavy Rain, , ,2,S,2,NE,CAMP POLK,07/15/2022,1829,35.84,-78.67,35.8364,-78.6794,Flooding closed several lanes on Glenwood Ave near Crabtree Valley Mall in Raleigh.,A mid-level disturbance coupled to a cold front draped along the western Piedmont triggered scattered afternoon and evening thunderstorms across the southern to northeastern Piedmont. These storms produced several reports of flash flooding in Wake and Cumberland Counties. No storms reached severe limits and the storm activity tapered off across central North Carolina by late evening.,130
1047605,WAKE CO.,CAMP POLK,07/15/2022,1735,Flash Flood, , ,0,0,25000,0,NC,EST-5, ,172592,C,183,RAH,0,0,911 Call Center,Heavy Rain, , ,2,NNW,2,NNW,CAMP POLK,07/15/2022,1829,35.85,-78.71,35.8498,-78.7126,A mudslide caused by flash flooding closed Duraleigh Rd at Weaver Dr.,A mid-level disturbance coupled to a cold front draped along the western Piedmont triggered scattered afternoon and evening thunderstorms across the southern to northeastern Piedmont. These storms produced several reports of flash flooding in Wake and Cumberland Counties. No storms reached severe limits and the storm activity tapered off across central North Carolina by late evening.,133
1053676,WAKE CO.,RALEIGH,08/11/2022,1820,Flash Flood, , ,0,0,0,0,NC,EST-5, ,173594,C,183,RAH,0,0,NWS Employee,Heavy Rain, , ,3,E,2,S,MILLBROOK,08/11/2022,1820,35.8,-78.62,35.8198,-78.6151,Flash flooding was reported along Atlantic Avenue at Hodges Street and Capital Boulevard.,A cluster of showers and thunderstorms developed along a slow moving cold front across the central Piedmont of central North Carolina. A few of the storms became strong to severe and produced damaging wind gusts and flash flooding across Wake County.,135
1117393,WAKE CO.,COLLEGE VIEW,07/08/2023,1700,Flash Flood, , ,0,0,0,0,NC,EST-5, ,182973,C,183,RAH,0,0,State Official,Heavy Rain, , ,0,N,0,W,COLLEGE VIEW,07/08/2023,1750,35.78,-78.7,35.7807,-78.7046,Flooding was reported at Interstate 440 and Western Blvd in Raleigh.,"A surface trough over the central North Carolina Piedmont coupled with an upper trough led to scattered thunderstorm development that eventually merged into a line of showers and thunderstorms over the northwest Piedmont. These storms tracked east into the Triangle, Sandhills, and Coastal Plain by late in the evening hours, weakening with eastward extent into the overnight hours. Flash flooding was reported in Alamance and Wake counties.",142
1117420,WAKE CO.,RALEIGH,07/09/2023,1311,Flash Flood, , ,0,0,0,0,NC,EST-5, ,182974,C,183,RAH,0,0,Public,Heavy Rain, , ,2,ESE,2,ESE,RALEIGH,07/09/2023,1454,35.7919,-78.6413,35.7884,-78.6415,Flooding near W Franklin St and Semart Dr led to road closures.,A southward moving cold front from the Ohio Valley led to the development of a line of showers and thunderstorms that tracking from the northwest Piedmont in the late-morning hours into the Coastal Plain of central North Carolina by mid to late afternoon. Numerous reports of damaging winds and flash flooding were reported throughout central North Carolina.,144
1141263,WAKE CO.,WESTOVER,09/09/2023,1321,Flash Flood, , ,0,0,0,0,NC,EST-5, ,185643,C,183,RAH,0,0,Law Enforcement,Heavy Rain, , ,1,N,1,NNW,WESTOVER,09/09/2023,1610,35.79,-78.72,35.7864,-78.725,The city of Raleigh reported flooding along Hillsborough St at Western under the railroad.,"An upper-level trough over the Tennessee valley and a stalled frontal boundary over western North Carolina and Virginia combined with a surface trough over the Coastal Plain of central North Carolina brought several rounds of showers and thunderstorms. Flash flooding and damaging winds were reported in Wake, Halifax, and Forsyth counties.",151
1173317,WAKE CO.,RALEIGH,05/25/2024,1640,Flash Flood, , ,0,0,0,0,NC,EST-5, ,190315,C,183,RAH,0,0,911 Call Center,Heavy Rain, , ,2,SE,2,SE,RALEIGH,05/25/2024,1829,35.7794,-78.6435,35.7764,-78.6438,Raleigh dispatch reported that the entrance to the Amtrak Union Station near S West St and W Martin St was closed due to flooding.,"A disturbance aloft combined with a lee trough over western North Carolina led to isolated to scattered showers and storms over the Piedmont, Sandhills, and Coastal Plain in the early evening hours. Most of the storms were sub-severe, but a few damaging wind reports and flash flooding were reported in Wake and Johnston Counties.",161
1197141,WAKE CO.,RALEIGH,07/12/2024,1223,Flash Flood, , ,0,0,0,0,NC,EST-5, ,193385,C,183,RAH,0,0,911 Call Center,Heavy Rain, , ,2,SE,2,SE,RALEIGH,07/12/2024,1223,35.7773,-78.6473,35.7775,-78.6462,Flooding occurred under the bridge near Martin Street and West Street.,"A stalled frontal boundary over eastern sections of North Carolina retrograded westward during the afternoon and evening as a surface low formed along the front. Ongoing showers and storms become more numerous in the late morning and into the early evening hours. Heavy embedded storms were particularly prevalent across Wake and Orange Counties, leading to isolated flash flooding.",165
1204072,WAKE CO.,(RDU)RALEIGH-DURHAM,07/18/2024,1550,Flash Flood, , ,0,0,0,0,NC,EST-5, ,193387,C,183,RAH,0,0,Public,Heavy Rain, , ,0,S,2,SW,(RDU)RALEIGH-DURHAM,07/18/2024,1638,35.8652,-78.7793,35.85,-78.8027,"The public reported water was on roadways, causing flooding around the Raleigh Durham Airport.","A cold front draped northeast to southwest over Virginia and eastern Tennessee moved south and through central North Carolina in the late evening hours. A line of scattered to numerous showers and storms tracked southeastward ahead of the front during the afternoon and evening hours. Numerous downed trees and powerlines were reported, as well as some isolated flash flooding across Wake and Durham Counties.",169
1204074,WAKE CO.,RALEIGH,07/18/2024,1610,Flash Flood, , ,0,0,10000,0,NC,EST-5, ,193387,C,183,RAH,0,0,Broadcast Media,Heavy Rain, , ,2,ESE,1,S,RALEIGH,07/18/2024,1740,35.791,-78.6288,35.7896,-78.6679,Local media reported flooding in downtown Raleigh. A water rescue was also reported.,"A cold front draped northeast to southwest over Virginia and eastern Tennessee moved south and through central North Carolina in the late evening hours. A line of scattered to numerous showers and storms tracked southeastward ahead of the front during the afternoon and evening hours. Numerous downed trees and powerlines were reported, as well as some isolated flash flooding across Wake and Durham Counties.",170
1204127,WAKE CO.,CAMP POLK,07/25/2024,1435,Flash Flood, , ,0,0,0,0,NC,EST-5, ,193406,C,183,RAH,0,0,911 Call Center,Heavy Rain, , ,1,NNE,2,NE,CAMP POLK,07/25/2024,1648,35.84,-78.69,35.8363,-78.6816,Flooding was reported along Glenwood Ave northwest of Raleigh.,"A cold front draped from the Mid-Atlantic states into the Ohio Valley tracked southward in the evening and overnight hours, moving through northern portions of central North Carolina. Ahead of the front, storms fired along central to eastern sections of central North Carolina. Embedded stronger storms developed over the Triangle region in the afternoon hours, producing heavy rainfall and flash flooding across Wake County.",177
1208861,WAKE CO.,RALEIGH,08/03/2024,1700,Flash Flood, , ,0,0,4000,0,NC,EST-5, ,195516,C,183,RAH,0,0,911 Call Center,Heavy Rain, , ,2,SE,2,SSE,RALEIGH,08/03/2024,1851,35.7742,-78.6469,35.7757,-78.6512,Flooding in downtown Raleigh near the Union Station at West St and Martin St.,"A stalled front over the lower Ohio and eastern Tennessee valleys moved into western North Carolina. Showers and thunderstorms initially developed over the Piedmont of North Carolina, congealing into a line of severe storms that produced numerous downed trees and power lines. Flash flooding also occurred in the urban area of Raleigh, Durham, and in Franklin County. An EF1 Tornado also developed in southern Wake County.",179
1208432,WAKE CO.,WESTOVER,08/04/2024,1901,Flash Flood, , ,0,0,20000,0,NC,EST-5, ,195517,C,183,RAH,0,0,911 Call Center,Heavy Rain, , ,1,SW,1,SW,WESTOVER,08/04/2024,2112,35.77,-78.73,35.7689,-78.734,Raleigh police department closed interstate 440 eastbound due to flooding.,"Along a stalled frontal over the eastern Piedmont of central North Carolina, isolated to scattered showers and storms developed in the afternoon and evening, mainly along and east of the US Highway 1 corridor. Storms over Wake County produced isolated flash flooding.",181
1209144,WAKE CO.,MILLBROOK,08/08/2024,1015,Flash Flood, , ,0,0,0,0,NC,EST-5, ,195323,C,183,RAH,0,0,Official NWS Observations,Heavy Rain, , ,2,S,3,E,RALEIGH,08/08/2024,1300,35.8182,-78.6143,35.8064,-78.6237,"Crabtree creek continued to rise out of its banks, inundating nearby areas, including the greenway.","Tropical Depression Debby slowly made its way through Florida, off the South Carolina coast, then back inland through the western Piedmont of North Carolina during the evening hours of 8 August 2024. Ahead of the storm, numerous feeder bands brought periods of heavy rain to central North Carolina, resulting in widespread 4-6 inch rainfall amounts across the western Piedmont, with higher amounts to the east. In addition, numerous tornadoes occurred with this event, with one on 7 August and an additional 6 on 8 August including a rare EF-3 tropical cyclone tornado.",185
1210464,WAKE CO.,RALEIGH,09/01/2024,1545,Flash Flood, , ,0,0,5000,0,NC,EST-5, ,195699,C,183,RAH,0,0,911 Call Center,Heavy Rain, , ,1,ENE,2,ESE,RALEIGH,09/01/2024,2128,35.8058,-78.6485,35.786,-78.6358,"Several reports of flooding in downtown Raleigh, including Atlantic Ave near Hodges St, West St, Capital Blvd near Atlantic Ave, and Interstate 440.","Ahead of a cold front advancing southward from the Ohio Valley, storms developed along a surface trough and progressed east and southeast. Isolated storms formed in the late afternoon over the eastern Piedmont and Triangle to central Coastal Plain. A second batch of storms developed over the western part of the state and tracked into the Piedmont in the evening hours. Several storms produced severe gusts and isolated flash flooding.",189
1210467,WAKE CO.,(RDU)RALEIGH-DURHAM,09/01/2024,1805,Flash Flood, , ,0,0,15000,0,NC,EST-5, ,195699,C,183,RAH,0,0,911 Call Center,Heavy Rain, , ,2,ENE,3,N,(RDU)RALEIGH-DURHAM,09/01/2024,2033,35.8822,-78.7546,35.9072,-78.7855,"Several roads were flooded in northwest Raleigh, including portions of Glenwood Ave, where a vehicle was submerged in flood waters.","Ahead of a cold front advancing southward from the Ohio Valley, storms developed along a surface trough and progressed east and southeast. Isolated storms formed in the late afternoon over the eastern Piedmont and Triangle to central Coastal Plain. A second batch of storms developed over the western part of the state and tracked into the Piedmont in the evening hours. Several storms produced severe gusts and isolated flash flooding.",190
1216540,WAKE CO.,RALEIGH,09/27/2024,1112,Flash Flood, , ,0,0,0,0,NC,EST-5, ,195705,C,183,RAH,0,0,Other Federal Agency,Heavy Rain, , ,3,E,3,W,WILDERS GROVE,09/27/2024,1112,35.8035,-78.6201,35.8031,-78.6194,Pigeon House Creek at Fenton Street rose above flood stage.,"Hurricane Helene weakened to a strong tropical storm on the morning of 27 September across northeast Georgia. Helene continued to track to the west and northwest into the Tennessee Valley. Widespread rainfall totals of 2-4 inches of rain fell over central North Carolina, along with wind gusts of 25-45 mph. Additionally, four tornadoes occurred, with the strongest an EF3, touching down over Rocky Mount in Nash County.",196
1245401,WAKE CO.,STARMOUNT,03/16/2025,2125,Flash Flood, , ,0,0,0,0,NC,EST-5, ,200086,C,183,RAH,0,0,Broadcast Media,Heavy Rain, , ,1,W,1,WSW,STARMOUNT,03/16/2025,2240,35.85,-78.59,35.8442,-78.5873,A stranded vehicle was reported due to flooding on Hoyle Dr in northeast Raleigh.,"A deep mid-level trough and associated cold front approached from the west on the 16th. Ahead of the trough/front, surface dewpoints in the 60s spread into central North Carolina, with strong low-level and deep-layer shear. Two rounds of severe weather occurred from mid morning through the evening hours. Several reports of damaging winds and large hail were reported, along with isolated flash flooding.",197
1245402,WAKE CO.,RALEIGH,03/16/2025,2153,Flash Flood, , ,0,0,0,0,NC,EST-5, ,200086,C,183,RAH,0,0,River/Stream Gage,Heavy Rain, , ,3,E,3,E,RALEIGH,03/16/2025,2240,35.8,-78.62,35.8001,-78.6243,"Pigeon House Branch exceeded its flood stage of 12ft at 10:25 PM, resulting in minor flood at Capital Blvd and Fenton St.","A deep mid-level trough and associated cold front approached from the west on the 16th. Ahead of the trough/front, surface dewpoints in the 60s spread into central North Carolina, with strong low-level and deep-layer shear. Two rounds of severe weather occurred from mid morning through the evening hours. Several reports of damaging winds and large hail were reported, along with isolated flash flooding.",198
